page|start|end
auth/index|1701093795|1701093796
informations/index|1701093795|1701093796
service/index|1701093795|1701093796
service-message1/index|1701093795|1701093796
webview/index|1701093795|1701093796
center/index|1701093795|1701093796
detail/index|1701093795|1701093796
message/index|1701093795|1701093796
guide/index|1701093795|1701093796
my-message/index|1701093795|1701093796
service-message2/index|1701093795|1701093796
index/index|1701093795|1701093796
information/index|1701093795|1701093796
my-message-detail/index|1701093795|1701093796
